USE online_auction_system;

-- Disable foreign key checks for clean wiping
SET FOREIGN_KEY_CHECKS = 0;
DELETE FROM platform_fees;
DELETE FROM auction_templates;
DELETE FROM warnings;
DELETE FROM user_reports;
DELETE FROM listing_reports;
DELETE FROM reviews;
DELETE FROM seller_verification_requests;
DELETE FROM watchlist;
DELETE FROM auto_bids;
DELETE FROM bids;
DELETE FROM listing_images;
DELETE FROM listings;
DELETE FROM categories;
DELETE FROM users;

ALTER TABLE platform_fees AUTO_INCREMENT = 1;
ALTER TABLE auction_templates AUTO_INCREMENT = 1;
ALTER TABLE warnings AUTO_INCREMENT = 1;
ALTER TABLE user_reports AUTO_INCREMENT = 1;
ALTER TABLE listing_reports AUTO_INCREMENT = 1;
ALTER TABLE reviews AUTO_INCREMENT = 1;
ALTER TABLE seller_verification_requests AUTO_INCREMENT = 1;
ALTER TABLE watchlist AUTO_INCREMENT = 1;
ALTER TABLE auto_bids AUTO_INCREMENT = 1;
ALTER TABLE bids AUTO_INCREMENT = 1;
ALTER TABLE listing_images AUTO_INCREMENT = 1;
ALTER TABLE listings AUTO_INCREMENT = 1;
ALTER TABLE categories AUTO_INCREMENT = 1;
ALTER TABLE users AUTO_INCREMENT = 1;
SET FOREIGN_KEY_CHECKS = 1;

-- All passwords are 'password123' 
-- Hash generated by password_hash('password123', PASSWORD_DEFAULT)
SET @pass_hash = '$2y$10$8v5Z2z5M9G5Z2z5M9G5Z2e5M9G5Z2z5M9G5Z2z5M9G5Z2z5M9G5Z2'; 
-- Actually, let's use a real hash for 'password' so they can login. 
-- 'password' hash: $2y$10$92IXUNpkjO0rOQ5byMi.Ye4oKoEa3Ro9llC/.og/at2.uheWG/igi
SET @pass = '$2y$10$92IXUNpkjO0rOQ5byMi.Ye4oKoEa3Ro9llC/.og/at2.uheWG/igi';

-- Users
INSERT INTO users (id, name, email, password_hash, phone, bio, role, seller_verified) VALUES
(1, 'Alice Buyer', 'buyer@example.com', @pass, '123456789', 'I love buying electronics', 'buyer', 0),
(2, 'Bob Seller', 'seller@example.com', @pass, '987654321', 'Top rated seller since 2020', 'seller', 1),
(3, 'Charlie Mod', 'mod@example.com', @pass, '555111222', 'Keeping the platform safe', 'moderator', 0),
(4, 'Diana Admin', 'admin@example.com', @pass, '999888777', 'System administrator', 'admin', 0),
(5, 'Eve Pending', 'eve@example.com', @pass, '111222333', 'I want to sell my art', 'seller', 0);

-- Categories
INSERT INTO categories (id, name, description, parent_id) VALUES
(1, 'Electronics', 'Phones, computers, etc.', NULL),
(2, 'Antiques', 'Old and valuable items', NULL),
(3, 'Art', 'Paintings, sculptures, etc.', NULL),
(4, 'Smartphones', 'Mobile devices', 1);

-- Listings
INSERT INTO listings (id, seller_id, category_id, title, description, item_condition, starting_price, reserve_price, current_bid, end_datetime, status) VALUES
(1, 2, 4, 'iPhone 13 Pro', 'Lightly used iPhone 13 Pro, 128GB.', 'like_new', 500.00, 600.00, 500.00, DATE_ADD(NOW(), INTERVAL 3 DAY), 'active'),
(2, 2, 2, 'Vintage Typewriter', '1950s typewriter in good condition.', 'good', 100.00, 150.00, 150.00, DATE_ADD(NOW(), INTERVAL 1 DAY), 'active'),
(3, 2, 3, 'Modern Abstract Painting', 'Original acrylic on canvas.', 'new', 200.00, 500.00, 200.00, DATE_ADD(NOW(), INTERVAL 5 DAY), 'pending_review'),
(4, 2, 1, 'Gaming Laptop', 'Ended auction. High end laptop.', 'good', 800.00, 1000.00, 1050.00, DATE_SUB(NOW(), INTERVAL 1 DAY), 'ended');

-- Listing Images
INSERT INTO listing_images (listing_id, image_path, display_order) VALUES
(1, 'assets/images/iphone1.jpg', 1),
(2, 'assets/images/typewriter1.jpg', 1),
(3, 'assets/images/painting1.jpg', 1),
(4, 'assets/images/laptop1.jpg', 1);

-- Bids
INSERT INTO bids (id, listing_id, buyer_id, amount, is_auto_bid) VALUES
(1, 2, 1, 120.00, 0),
(2, 2, 1, 150.00, 0),
(3, 4, 1, 1050.00, 0);

-- Update listing current bids and winners based on bids
UPDATE listings SET current_bid = 150.00 WHERE id = 2;
UPDATE listings SET current_bid = 1050.00, winner_bid_id = 3 WHERE id = 4;

-- Auto Bids
INSERT INTO auto_bids (listing_id, buyer_id, max_amount) VALUES
(1, 1, 750.00);

-- Watchlist
INSERT INTO watchlist (buyer_id, listing_id) VALUES
(1, 1),
(1, 2);

-- Seller Verification Requests
INSERT INTO seller_verification_requests (user_id, motivation, id_document_path, status, reviewed_by) VALUES
(2, 'I want to sell my collection.', 'assets/docs/id_bob.pdf', 'approved', 4),
(5, 'I am a local artist.', 'assets/docs/id_eve.pdf', 'pending', NULL);

-- Reviews
INSERT INTO reviews (listing_id, reviewer_id, reviewee_id, rating, review_text) VALUES
(4, 1, 2, 5, 'Great seller, fast shipping!');

-- Reports
INSERT INTO listing_reports (listing_id, reporter_id, reason, description, status) VALUES
(3, 1, 'Suspicious Item', 'The painting looks like a print.', 'pending');

INSERT INTO user_reports (reporter_id, reported_user_id, reason, description, status) VALUES
(1, 2, 'Rude Behavior', 'Seller was rude in messages.', 'pending');

-- Warnings
INSERT INTO warnings (user_id, issued_by, reason) VALUES
(2, 3, 'Please be polite to buyers.');

-- Auction Templates
INSERT INTO auction_templates (seller_id, title, description, category_id, item_condition, starting_price) VALUES
(2, 'Standard Laptop Template', 'Used laptop, wiped clean.', 1, 'good', 300.00);

-- Platform Fees
INSERT INTO platform_fees (listing_id, seller_id, final_price, commission_rate, commission_amount) VALUES
(4, 2, 1050.00, 0.05, 52.50);
